{
  "backbone.layers.0.mixer.in_proj": {
    "perplexity": 25.857771680740594,
    "sqnr_db": 37.804627418518066,
    "kl_teacher_to_student": 488123392.0,
    "kl_student_to_teacher": 0.11647839844226837,
    "delta_cross_entropy": -0.008855819702148438
  },
  "backbone.layers.0.mixer.out_proj": {
    "perplexity": 25.856571577871,
    "sqnr_db": 41.812381744384766,
    "kl_teacher_to_student": 488142208.0,
    "kl_student_to_teacher": 0.08366309106349945,
    "delta_cross_entropy": 0.0025997161865234375
  },
  "backbone.layers.1.mixer.in_proj": {
    "perplexity": 25.855652273656407,
    "sqnr_db": 47.02849864959717,
    "kl_teacher_to_student": 488106912.0,
    "kl_student_to_teacher": 0.06317419558763504,
    "delta_cross_entropy": -0.00313568115234375
  },
  "backbone.layers.1.mixer.out_proj": {
    "perplexity": 25.85751436122343,
    "sqnr_db": 48.254923820495605,
    "kl_teacher_to_student": 488100320.0,
    "kl_student_to_teacher": 0.06203063577413559,
    "delta_cross_entropy": -0.0021314620971679688
  },
  "backbone.layers.2.mixer.in_proj": {
    "perplexity": 25.855057999984027,
    "sqnr_db": 45.9327507019043,
    "kl_teacher_to_student": 488099712.0,
    "kl_student_to_teacher": 0.06395556032657623,
    "delta_cross_entropy": 9.822845458984375e-05
  },
  "backbone.layers.2.mixer.out_proj": {
    "perplexity": 25.856596003770683,
    "sqnr_db": 49.10383701324463,
    "kl_teacher_to_student": 488125696.0,
    "kl_student_to_teacher": 0.06131909042596817,
    "delta_cross_entropy": -0.004126548767089844
  },
  "backbone.layers.3.mixer.in_proj": {
    "perplexity": 25.855517935375282,
    "sqnr_db": 46.77734851837158,
    "kl_teacher_to_student": 488115200.0,
    "kl_student_to_teacher": 0.06323126703500748,
    "delta_cross_entropy": 6.198883056640625e-05
  },
  "backbone.layers.3.mixer.out_proj": {
    "perplexity": 25.857299442308282,
    "sqnr_db": 49.24294471740723,
    "kl_teacher_to_student": 488108096.0,
    "kl_student_to_teacher": 0.060164086520671844,
    "delta_cross_entropy": -0.004543304443359375
  },
  "backbone.layers.4.mixer.in_proj": {
    "perplexity": 25.857738206619597,
    "sqnr_db": 46.76379203796387,
    "kl_teacher_to_student": 488113504.0,
    "kl_student_to_teacher": 0.06362875550985336,
    "delta_cross_entropy": -0.006449699401855469
  },
  "backbone.layers.4.mixer.out_proj": {
    "perplexity": 25.8552510591202,
    "sqnr_db": 49.41704273223877,
    "kl_teacher_to_student": 488104192.0,
    "kl_student_to_teacher": 0.06091183423995972,
    "delta_cross_entropy": 0.0003719329833984375
  },
  "backbone.layers.5.mixer.in_proj": {
    "perplexity": 25.854874011076493,
    "sqnr_db": 46.217498779296875,
    "kl_teacher_to_student": 488079840.0,
    "kl_student_to_teacher": 0.06437068432569504,
    "delta_cross_entropy": -0.0053005218505859375
  },
  "backbone.layers.5.mixer.out_proj": {
    "perplexity": 25.857721319573688,
    "sqnr_db": 48.617329597473145,
    "kl_teacher_to_student": 488114976.0,
    "kl_student_to_teacher": 0.060627564787864685,
    "delta_cross_entropy": -0.0032749176025390625
  },
  "backbone.layers.6.mixer.in_proj": {
    "perplexity": 25.855594946608072,
    "sqnr_db": 46.775197982788086,
    "kl_teacher_to_student": 488099232.0,
    "kl_student_to_teacher": 0.06332150846719742,
    "delta_cross_entropy": 0.000278472900390625
  },
  "backbone.layers.6.mixer.out_proj": {
    "perplexity": 25.856116030936864,
    "sqnr_db": 49.400691986083984,
    "kl_teacher_to_student": 488080896.0,
    "kl_student_to_teacher": 0.0603717640042305,
    "delta_cross_entropy": -2.384185791015625e-05
  },
  "backbone.layers.7.mixer.in_proj": {
    "perplexity": 25.857374073771027,
    "sqnr_db": 48.60922336578369,
    "kl_teacher_to_student": 488090240.0,
    "kl_student_to_teacher": 0.062180761247873306,
    "delta_cross_entropy": -0.004543304443359375
  },
  "backbone.layers.7.mixer.out_proj": {
    "perplexity": 25.85600445076237,
    "sqnr_db": 50.1832389831543,
    "kl_teacher_to_student": 488113792.0,
    "kl_student_to_teacher": 0.05979433283209801,
    "delta_cross_entropy": -0.0022220611572265625
  },
  "backbone.layers.8.mixer.in_proj": {
    "perplexity": 25.855926512818847,
    "sqnr_db": 48.48288536071777,
    "kl_teacher_to_student": 488093952.0,
    "kl_student_to_teacher": 0.061626024544239044,
    "delta_cross_entropy": 0.0004329681396484375
  },
  "backbone.layers.8.mixer.out_proj": {
    "perplexity": 25.856494658548733,
    "sqnr_db": 49.328317642211914,
    "kl_teacher_to_student": 488158592.0,
    "kl_student_to_teacher": 0.060973525047302246,
    "delta_cross_entropy": -0.004146575927734375
  },
  "backbone.layers.9.mixer.in_proj": {
    "perplexity": 25.856536222807595,
    "sqnr_db": 48.38845729827881,
    "kl_teacher_to_student": 488134592.0,
    "kl_student_to_teacher": 0.061927761882543564,
    "delta_cross_entropy": 0.0012216567993164062
  },
  "backbone.layers.9.mixer.out_proj": {
    "perplexity": 25.85506216812991,
    "sqnr_db": 49.548964500427246,
    "kl_teacher_to_student": 488113152.0,
    "kl_student_to_teacher": 0.06111132353544235,
    "delta_cross_entropy": -0.0051116943359375
  },
  "backbone.layers.10.mixer.in_proj": {
    "perplexity": 25.856056936878005,
    "sqnr_db": 47.172393798828125,
    "kl_teacher_to_student": 488076928.0,
    "kl_student_to_teacher": 0.06313147395849228,
    "delta_cross_entropy": -0.007137298583984375
  },
  "backbone.layers.10.mixer.out_proj": {
    "perplexity": 25.85599956356714,
    "sqnr_db": 49.7874116897583,
    "kl_teacher_to_student": 488119040.0,
    "kl_student_to_teacher": 0.060487762093544006,
    "delta_cross_entropy": -0.0036821365356445312
  },
  "backbone.layers.11.mixer.in_proj": {
    "perplexity": 25.856912401444912,
    "sqnr_db": 48.9133358001709,
    "kl_teacher_to_student": 488034432.0,
    "kl_student_to_teacher": 0.06195979565382004,
    "delta_cross_entropy": -0.0061779022216796875
  },
  "backbone.layers.11.mixer.out_proj": {
    "perplexity": 25.85650268039747,
    "sqnr_db": 50.9406042098999,
    "kl_teacher_to_student": 488124960.0,
    "kl_student_to_teacher": 0.059568140655756,
    "delta_cross_entropy": -0.005847930908203125
  },
  "backbone.layers.12.mixer.in_proj": {
    "perplexity": 25.856259298348924,
    "sqnr_db": 49.399709701538086,
    "kl_teacher_to_student": 488086656.0,
    "kl_student_to_teacher": 0.06105488911271095,
    "delta_cross_entropy": -0.00150299072265625
  },
  "backbone.layers.12.mixer.out_proj": {
    "perplexity": 25.85733146532204,
    "sqnr_db": 50.51717281341553,
    "kl_teacher_to_student": 488084416.0,
    "kl_student_to_teacher": 0.060086123645305634,
    "delta_cross_entropy": -0.0016641616821289062
  },
  "backbone.layers.13.mixer.in_proj": {
    "perplexity": 25.85697490162168,
    "sqnr_db": 47.86147594451904,
    "kl_teacher_to_student": 488133344.0,
    "kl_student_to_teacher": 0.06392931938171387,
    "delta_cross_entropy": 0.0011768341064453125
  },
  "backbone.layers.13.mixer.out_proj": {
    "perplexity": 25.857767570196806,
    "sqnr_db": 49.48466777801514,
    "kl_teacher_to_student": 488106432.0,
    "kl_student_to_teacher": 0.0602375790476799,
    "delta_cross_entropy": -0.0025930404663085938
  },
  "backbone.layers.14.mixer.in_proj": {
    "perplexity": 25.856597172670153,
    "sqnr_db": 47.871665954589844,
    "kl_teacher_to_student": 488126464.0,
    "kl_student_to_teacher": 0.06375809013843536,
    "delta_cross_entropy": -0.001605987548828125
  },
  "backbone.layers.14.mixer.out_proj": {
    "perplexity": 25.85497529497874,
    "sqnr_db": 49.285521507263184,
    "kl_teacher_to_student": 488127488.0,
    "kl_student_to_teacher": 0.06084032356739044,
    "delta_cross_entropy": -0.004337310791015625
  },
  "backbone.layers.15.mixer.in_proj": {
    "perplexity": 25.85598455173411,
    "sqnr_db": 47.97513008117676,
    "kl_teacher_to_student": 488077408.0,
    "kl_student_to_teacher": 0.06306520104408264,
    "delta_cross_entropy": -0.007248878479003906
  },